<?xml version="1.0" encoding="UTF-8"?>
<project-private xmlns="http://www.netbeans.org/ns/project-private/1">
    <editor-bookmarks xmlns="http://www.netbeans.org/ns/editor-bookmarks/2" lastBookmarkId="0"/>
    <open-files xmlns="http://www.netbeans.org/ns/projectui-open-files/2">
        <group>
            <file>file:/D:/SdlProject/SdlProject/web/mycomplaints.jsp</file>
            <file>file:/D:/SdlProject/SdlProject/web/css/scrollstyle.css</file>
            <file>file:/D:/SdlProject/SdlProject/web/update.jsp</file>
            <file>file:/D:/SdlProject/SdlProject/web/addpost.html</file>
            <file>file:/D:/SdlProject/SdlProject/web/login.html</file>
            <file>file:/D:/SdlProject/SdlProject/web/signup.html</file>
            <file>file:/D:/SdlProject/SdlProject/web/profile.jsp</file>
        </group>
    </open-files>
</project-private>
